t,x,y
0.0,238,76
0.005076013299154844,238,74
0.010152026598309688,238,73
0.015228039897464532,238,74
0.020304053196619376,237,77
0.02538006649577422,237,81
0.030456079794929064,237,86
0.03553209309408391,236,90
0.04060810639323875,236,95
0.045684119692393596,236,100
0.05076013299154844,236,103
0.055836146290703284,236,105
0.06091215958985813,236,105
0.06598817288901297,236,105
0.07106418618816782,236,103
0.07614019948732266,236,100
0.0812162127864775,236,95
0.08629222608563235,236,91
0.09136823938478719,237,86
0.09644425268394204,237,82
0.10152026598309688,237,79
0.10659627928225172,238,76
0.11167229258140657,238,75
0.11674830588056141,238,76
0.12182431917971626,237,78
0.1269003324788711,237,81
0.13197634577802594,237,84
0.13705235907718077,237,89
0.14212837237633563,236,93
0.14720438567549046,236,97
0.15228039897464532,236,100
0.15735641227380015,236,102
0.162432425572955,236,103
0.16750843887210984,236,103
0.1725844521712647,236,102
0.17766046547041953,236,99
0.18273647876957438,236,96
0.18781249206872921,236,92
0.19288850536788407,237,88
0.1979645186670389,237,84
0.20304053196619376,237,81
0.2081165452653486,237,79
0.21319255856450345,237,77
0.21826857186365828,237,77
0.22334458516281314,237,79
0.22842059846196797,237,81
0.23349661176112282,237,84
0.23857262506027765,237,87
0.2436486383594325,237,91
0.24872465165858734,236,94
0.2538006649577422,236,98
0.25887667825689703,236,100
0.2639526915560519,236,101
0.26902870485520675,236,101
0.27410471815436155,236,100
0.2791807314535164,236,98
0.28425674475267126,236,96
0.2893327580518261,236,93
0.2944087713509809,236,89
0.2994847846501358,237,86
0.30456079794929064,237,83
0.3096368112484455,237,81
0.3147128245476003,237,79
0.31978883784675516,237,79
0.32486485114591,237,80
0.3299408644450649,237,81
0.3350168777442197,237,84
0.34009289104337453,237,86
0.3451689043425294,237,90
0.35024491764168425,237,93
0.35532093094083905,236,96
0.3603969442399939,236,98
0.36547295753914877,236,99
0.3705489708383036,236,100
0.37562498413745843,236,99
0.3807009974366133,236,98
0.38577701073576814,236,96
0.390853024034923,236,93
0.3959290373340778,237,90
0.40100505063323266,237,87
0.4060810639323875,237,85
0.4111570772315424,237,82
0.4162330905306972,237,81
0.42130910382985204,237,80
0.4263851171290069,237,81
0.43146113042816175,237,82
0.43653714372731656,237,84
0.4416131570264714,237,86
0.4466891703256263,237,89
0.45176518362478113,236,92
0.45684119692393593,236,94
0.4619172102230908,236,96
0.46699322352224565,236,97
0.4720692368214005,236,98
0.4771452501205553,236,98
0.48222126341971017,236,97
0.487297276718865,236,95
0.4923732900180199,237,93
0.4974493033171747,237,91
0.5025253166163296,237,88
0.5076013299154843,237,86
0.5126773432146392,237,84
0.5177533565137941,237,83
0.5228293698129489,237,82
0.5279053831121038,237,82
0.5329813964112586,237,83
0.5380574097104135,237,84
0.5431334230095684,237,86
0.5482094363087231,237,88
0.553285449607878,237,91
0.5583614629070328,237,93
0.5634374762061877,237,95
0.5685134895053425,236,96
0.5735895028044974,237,97
0.5786655161036522,237,97
0.5837415294028071,237,97
0.5888175427019618,237,95
0.5938935560011167,237,93
0.5989695693002716,237,91
0.6040455825994264,237,89
0.6091215958985813,237,87
0.6141976091977361,237,85
0.619273622496891,238,84
0.6243496357960459,237,83
0.6294256490952006,238,83
0.6345016623943555,237,83
0.6395776756935103,238,84
0.6446536889926652,238,86
0.64972970229182,238,88
0.6548057155909749,238,90
0.6598817288901297,238,92
0.6649577421892846,238,94
0.6700337554884394,238,95
0.6751097687875942,238,96
0.6801857820867491,238,96
0.6852617953859039,238,95
0.6903378086850588,238,95
0.6954138219842136,238,93
0.7004898352833685,238,92
0.7055658485825232,238,90
0.7106418618816781,238,88
0.715717875180833,238,86
0.7207938884799878,238,85
0.7258699017791427,238,84
0.7309459150782975,238,83
0.7360219283774524,238,84
0.7410979416766073,238,84
0.746173954975762,238,86
0.7512499682749169,238,87
0.7563259815740717,238,89
0.7614019948732266,238,91
0.7664780081723814,238,92
0.7715540214715363,238,93
0.7766300347706911,238,94
0.781706048069846,238,95
0.7867820613690008,238,94
0.7918580746681556,238,94
0.7969340879673105,238,93
0.8020101012664653,238,91
0.8070861145656202,238,90
0.812162127864775,238,88
0.8172381411639299,238,87
0.8223141544630848,238,85
0.8273901677622395,238,85
0.8324661810613944,238,84
0.8375421943605492,238,84
0.8426182076597041,238,85
0.8476942209588589,238,86
0.8527702342580138,238,87
0.8578462475571687,238,88
0.8629222608563235,238,90
0.8679982741554783,238,91
0.8730742874546331,238,92
0.878150300753788,238,93
0.8832263140529428,238,93
0.8883023273520977,238,93
0.8933783406512525,238,93
0.8984543539504074,238,92
0.9035303672495623,238,91
0.908606380548717,238,90
0.9136823938478719,238,88
0.9187584071470267,238,87
0.9238344204461816,238,86
0.9289104337453364,238,85
0.9339864470444913,238,85
0.9390624603436462,238,84
0.944138473642801,238,85
0.9492144869419558,238,86
0.9542905002411106,238,87
0.9593665135402655,238,88
0.9644425268394203,238,89
0.9695185401385752,238,90
0.97459455343773,238,92
0.9796705667368849,238,92
0.9847465800360398,238,93
0.9898225933351945,238,93
0.9948986066343494,238,92
0.9999746199335042,238,92
1.0050506332326592,238,91
1.010126646531814,238,90
1.0152026598309687,238,89
1.0202786731301237,238,88
1.0253546864292784,238,87
1.0304306997284334,238,86
1.0355067130275881,238,85
1.040582726326743,238,85
1.0456587396258978,238,85
1.0507347529250526,238,86
1.0558107662242076,238,87
1.0608867795233623,238,88
1.0659627928225173,238,89
1.071038806121672,238,90
1.076114819420827,238,91
1.0811908327199817,238,92
1.0862668460191367,238,92
1.0913428593182914,238,92
1.0964188726174462,238,92
1.1014948859166012,238,92
1.106570899215756,238,91
1.1116469125149109,238,90
1.1167229258140656,238,89
1.1217989391132206,238,88
1.1268749524123753,238,87
1.13195096571153,238,86
1.137026979010685,238,86
1.1421029923098398,238,86
1.1471790056089948,238,86
1.1522550189081495,238,86
1.1573310322073045,238,87
1.1624070455064592,238,88
1.1674830588056142,238,89
1.172559072104769,238,89
1.1776350854039237,238,90
1.1827110987030787,238,91
1.1877871120022334,238,91
1.1928631253013884,238,92
1.1979391386005431,238,91
1.203015151899698,238,91
1.2080911651988528,238,91
1.2131671784980076,238,90
1.2182431917971626,238,89
1.2233192050963173,238,88
1.2283952183954723,238,87
1.233471231694627,238,87
1.238547244993782,238,86
1.2436232582929367,238,86
1.2486992715920917,238,86
1.2537752848912465,238,87
1.2588512981904012,238,87
1.2639273114895562,238,88
1.269003324788711,238,88
1.2740793380878659,238,89
1.2791553513870206,238,90
1.2842313646861756,238,91
1.2893073779853303,238,91
1.294383391284485,238,91
1.29945940458364,238,91
1.3045354178827948,238,91
1.3096114311819498,238,91
1.3146874444811045,238,90
1.3197634577802595,238,89
1.3248394710794142,238,89
1.3299154843785692,238,88
1.334991497677724,238,87
1.3400675109768787,238,87
1.3451435242760337,238,87
1.3502195375751884,238,87
1.3552955508743434,238,87
1.3603715641734981,238,87
1.365447577472653,238,88
1.3705235907718079,238,88
1.3755996040709626,238,89
1.3806756173701176,238,90
1.3857516306692723,238,90
1.3908276439684273,238,91
1.395903657267582,238,91
1.400979670566737,238,91
1.4060556838658917,238,91
1.4111316971650465,238,90
1.4162077104642015,238,90
1.4212837237633562,238,89
1.4263597370625112,238,89
1.431435750361666,238,88
1.436511763660821,238,87
1.4415877769599756,238,87
1.4466637902591306,238,87
1.4517398035582854,238,87
1.45681581685744,238,87
1.461891830156595,238,87
1.4669678434557498,238,88
1.4720438567549048,238,88
1.4771198700540595,238,89
1.4821958833532145,238,89
1.4872718966523693,238,90
1.492347909951524,238,90
1.497423923250679,238,90
1.5024999365498337,238,91
1.5075759498489887,238,90
1.5126519631481434,238,90
1.5177279764472984,238,90
1.5228039897464531,238,89
1.5278800030456081,238,89
1.5329560163447629,238,88
1.5380320296439176,238,88
1.5431080429430726,238,87
1.5481840562422273,238,87
1.5532600695413823,238,87
1.558336082840537,238,87
1.563412096139692,238,87
1.5684881094388468,238,88
1.5735641227380015,238,88
1.5786401360371565,238,89
1.5837161493363112,238,89
1.5887921626354662,238,90
1.593868175934621,238,90
1.598944189233776,238,90
1.6040202025329307,238,90
1.6090962158320856,238,90
1.6141722291312404,238,90
1.6192482424303951,238,89
1.62432425572955,238,89
1.6294002690287048,238,89
1.6344762823278598,238,88
1.6395522956270145,238,88
1.6446283089261695,238,87
1.6497043222253243,238,87
1.654780335524479,238,87
1.659856348823634,238,87
1.6649323621227887,238,88
1.6700083754219437,238,88
1.6750843887210984,238,88
1.6801604020202534,238,89
1.6852364153194082,238,89
1.6903124286185631,238,89
1.6953884419177179,238,90
1.7004644552168726,238,90
1.7055404685160276,238,90
1.7106164818151823,238,90
1.7156924951143373,238,90
1.720768508413492,238,89
1.725844521712647,238,89
1.7309205350118018,238,89
1.7359965483109565,238,88
1.7410725616101115,238,88
1.7461485749092662,238,88
1.7512245882084212,238,87
1.756300601507576,238,87
1.761376614806731,238,88
1.7664526281058857,238,88
1.7715286414050406,238,88
1.7766046547041954,238,89
1.7816806680033501,238,89
1.786756681302505,238,89
1.7918326946016598,238,89
1.7969087079008148,238,90
1.8019847211999696,238,90
1.8070607344991245,238,90
1.8121367477982793,238,90
1.817212761097434,238,89
1.822288774396589,238,89
1.8273647876957437,238,89
1.8324408009948987,238,89
1.8375168142940534,238,88
1.8425928275932084,238,88
1.8476688408923632,238,88
1.8527448541915181,238,88
1.8578208674906729,238,88
1.8628968807898276,238,88
1.8679728940889826,238,88
1.8730489073881373,238,88
1.8781249206872923,238,89
1.883200933986447,238,89
1.888276947285602,238,89
1.8933529605847568,238,89
1.8984289738839115,238,89
1.9035049871830665,238,89
1.9085810004822212,238,89
1.9136570137813762,238,89
1.918733027080531,238,89
1.923809040379686,238,89
1.9288850536788407,238,89
1.9339610669779956,238,89
1.9390370802771504,238,88
1.9441130935763051,238,88
1.94918910687546,238,88
1.9542651201746148,238,88
1.9593411334737698,238,88
1.9644171467729246,238,88
1.9694931600720795,238,88
1.9745691733712343,238,88
1.979645186670389,238,89
1.984721199969544,238,89
1.9897972132686987,238,89
1.9948732265678537,238,89
1.9999492398670085,238,89
2.0050252531661634,238,89
2.0101012664653184,238,89
2.015177279764473,238,89
2.020253293063628,238,89
2.025329306362783,238,89
2.0304053196619374,238,89
2.0354813329610923,238,89
2.0405573462602473,238,88
2.0456333595594023,238,88
2.050709372858557,238,88
2.055785386157712,238,88
2.0608613994568667,238,88
2.0659374127560213,238,88
2.0710134260551762,238,88
2.076089439354331,238,88
2.081165452653486,238,89
2.0862414659526407,238,89
2.0913174792517957,238,89
2.0963934925509506,238,89
2.101469505850105,238,89
2.10654551914926,238,89
2.111621532448415,238,89
2.11669754574757,238,89
2.1217735590467246,238,89
2.1268495723458796,238,89
2.1319255856450345,238,89
2.137001598944189,238,89
2.142077612243344,238,88
2.147153625542499,238,88
2.152229638841654,238,88
2.1573056521408085,238,88
2.1623816654399635,238,88
2.1674576787391184,238,88
2.1725336920382734,238,88
2.177609705337428,238,88
2.182685718636583,238,89
2.187761731935738,238,89
2.1928377452348924,238,89
2.1979137585340474,238,89
2.2029897718332023,238,89
2.2080657851323573,238,89
2.213141798431512,238,89
2.218217811730667,238,89
2.2232938250298218,238,89
2.2283698383289763,238,89
2.2334458516281313,238,89
2.238521864927286,238,89
2.243597878226441,238,88
2.2486738915255957,238,88
2.2537499048247507,238,88
2.2588259181239057,238,88
2.26390193142306,238,88
2.268977944722215,238,88
2.27405395802137,238,88
2.279129971320525,238,89
2.2842059846196796,238,89
2.2892819979188346,238,89
2.2943580112179895,238,89
2.299434024517144,238,89
2.304510037816299,238,89
2.309586051115454,238,89
2.314662064414609,238,89
2.3197380777137635,238,89
2.3248140910129185,238,89
2.3298901043120734,238,89
2.3349661176112284,238,89
2.340042130910383,238,89
2.345118144209538,238,88
2.350194157508693,238,88
2.3552701708078474,238,88
2.3603461841070024,238,88
2.3654221974061573,238,88
2.3704982107053123,238,88
2.375574224004467,238,88
2.380650237303622,238,89
2.3857262506027768,238,89
2.3908022639019313,238,89
2.3958782772010863,238,89
2.4009542905002412,238,89
2.406030303799396,238,89
2.4111063170985507,238,89
2.4161823303977057,238,89
2.4212583436968607,238,89
2.426334356996015,238,89
2.43141037029517,238,89
2.436486383594325,238,89
2.44156239689348,238,89
2.4466384101926346,238,88
2.4517144234917896,238,88
2.4567904367909446,238,88
2.461866450090099,238,88
2.466942463389254,238,88
2.472018476688409,238,88
2.477094489987564,238,88
2.4821705032867185,238,89
2.4872465165858735,238,89
2.4923225298850284,238,89
2.4973985431841834,238,89
2.502474556483338,238,89
2.507550569782493,238,89
2.512626583081648,238,89
2.5177025963808024,238,89
2.5227786096799574,238,89
2.5278546229791123,238,89
2.5329306362782673,238,89
2.538006649577422,238,89
2.543082662876577,238,88
2.5481586761757318,238,89
2.5532346894748863,238,88
2.5583107027740413,238,88
2.5633867160731962,238,88
2.568462729372351,238,88
2.5735387426715057,238,88
2.5786147559706607,238,89
2.5836907692698157,238,89
2.58876678256897,238,89
2.593842795868125,238,89
2.59891880916728,238,89
2.603994822466435,238,89
2.6090708357655896,238,89
2.6141468490647446,238,89
2.6192228623638996,238,89
2.624298875663054,238,89
2.629374888962209,238,89
2.634450902261364,238,89
2.639526915560519,238,89
2.6446029288596735,238,88
2.6496789421588285,238,88
2.6547549554579835,238,88
2.6598309687571384,238,88
2.664906982056293,238,88
2.669982995355448,238,88
2.675059008654603,238,89
2.6801350219537574,238,89
2.6852110352529124,238,89
2.6902870485520674,238,89
2.6953630618512223,238,89
2.700439075150377,238,89
2.705515088449532,238,89
2.710591101748687,238,89
2.7156671150478413,238,89
2.7207431283469963,238,89
2.7258191416461512,238,89
2.730895154945306,238,89
2.7359711682444607,238,89
2.7410471815436157,238,89
2.7461231948427707,238,88
2.751199208141925,238,89
2.75627522144108,238,88
2.761351234740235,238,88
2.76642724803939,238,88
2.7715032613385446,238,88
2.7765792746376996,238,88
2.7816552879368546,238,89
2.786731301236009,238,89
2.791807314535164,238,89
2.796883327834319,238,89
2.801959341133474,238,89
2.8070353544326285,238,89
2.8121113677317835,238,89
2.8171873810309385,238,89
2.822263394330093,238,89
2.827339407629248,238,89
2.832415420928403,238,89
2.837491434227558,238,89
2.8425674475267124,238,89
2.8476434608258674,238,89
2.8527194741250224,238,88
2.8577954874241773,238,88
2.862871500723332,238,88
2.867947514022487,238,88
2.873023527321642,238,89
2.8780995406207963,238,89
2.8831755539199513,238,89
2.8882515672191063,238,89
2.893327580518261,238,89
2.8984035938174157,238,89
2.9034796071165707,238,89
2.9085556204157257,238,89
2.91363163371488,238,89
2.918707647014035,238,89
2.92378366031319,238,89
2.928859673612345,238,89
2.9339356869114996,238,89
2.9390117002106546,238,89
2.9440877135098096,238,89
2.949163726808964,238,89
2.954239740108119,238,88
2.959315753407274,238,88
2.964391766706429,238,88
2.9694677800055835,238,88
2.9745437933047385,238,89
2.9796198066038935,238,89
2.984695819903048,238,89
2.989771833202203,238,89
2.994847846501358,238,89
2.999923859800513,238,89
3.0049998730996674,238,89
3.0100758863988224,238,89
3.0151518996979774,238,89
3.0202279129971323,238,89
3.025303926296287,238,89
3.030379939595442,238,89
3.035455952894597,238,89
3.0405319661937513,238,89
3.0456079794929063,238,88
3.0506839927920613,238,89
3.0557600060912162,238,88
3.0608360193903708,238,89
3.0659120326895257,238,88
3.0709880459886807,238,89
3.076064059287835,238,89
3.08114007258699,238,89
3.086216085886145,238,89
3.0912920991853,238,89
3.0963681124844546,238,89
3.1014441257836096,238,89
3.1065201390827646,238,89
3.111596152381919,238,89
3.116672165681074,238,89
3.121748178980229,238,89
3.126824192279384,238,89
3.1319002055785385,238,89
3.1369762188776935,238,89
3.1420522321768485,238,89
3.147128245476003,238,89
3.152204258775158,238,89
3.157280272074313,238,88
3.162356285373468,238,89
3.1674322986726224,238,89
3.1725083119717774,238,88
3.1775843252709324,238,89
3.1826603385700873,238,89
3.187736351869242,238,89
3.192812365168397,238,89
3.197888378467552,238,89
3.2029643917667063,238,89
3.2080404050658613,238,89
3.2131164183650163,238,89
3.2181924316641712,238,89
3.2232684449633258,238,89
3.2283444582624807,238,89
3.2334204715616357,238,89
3.2384964848607902,238,89
3.243572498159945,238,89
3.2486485114591,238,89
3.253724524758255,238,89
3.2588005380574097,238,88
3.2638765513565646,238,89
3.2689525646557196,238,89
3.274028577954874,238,89
3.279104591254029,238,89
3.284180604553184,238,89
3.289256617852339,238,89
3.2943326311514936,238,89
3.2994086444506485,238,89
3.3044846577498035,238,89
3.309560671048958,238,89
3.314636684348113,238,89
3.319712697647268,238,89
3.324788710946423,238,89
3.3298647242455774,238,89
3.3349407375447324,238,89
3.3400167508438874,238,89
3.3450927641430424,238,89
3.350168777442197,238,88
3.355244790741352,238,89
3.360320804040507,238,89
3.3653968173396613,238,89
3.3704728306388163,238,89
3.3755488439379713,238,89
3.3806248572371262,238,89
3.3857008705362808,238,89
3.3907768838354357,238,89
3.3958528971345907,238,89
3.4009289104337452,238,89
3.4060049237329,238,89
3.411080937032055,238,89
3.41615695033121,238,89
3.4212329636303647,238,89
3.4263089769295196,238,89
3.4313849902286746,238,89
3.436461003527829,238,89
3.441537016826984,238,89
3.446613030126139,238,89
3.451689043425294,238,89
3.4567650567244486,238,89
3.4618410700236035,238,89
3.4669170833227585,238,89
3.471993096621913,238,89
3.477069109921068,238,89
3.482145123220223,238,89
3.487221136519378,238,89
3.4922971498185325,238,89
3.4973731631176874,238,89
3.5024491764168424,238,89
3.507525189715997,238,89
3.512601203015152,238,89
3.517677216314307,238,89
3.522753229613462,238,89
3.5278292429126163,238,89
3.5329052562117713,238,89
3.5379812695109263,238,89
3.5430572828100813,238,89
3.548133296109236,238,89
3.5532093094083907,238,89
3.5582853227075457,238,89
3.5633613360067002,238,88
3.568437349305855,238,89
3.57351336260501,238,89
3.578589375904165,238,89
3.5836653892033197,238,89
3.5887414025024746,238,89
3.5938174158016296,238,89
3.598893429100784,238,89
3.603969442399939,238,89
3.609045455699094,238,89
3.614121468998249,238,89
3.6191974822974036,238,89
3.6242734955965585,238,89
3.6293495088957135,238,89
3.634425522194868,238,89
3.639501535494023,238,89
3.644577548793178,238,89
3.649653562092333,238,89
3.6547295753914875,238,89
3.6598055886906424,238,89
3.6648816019897974,238,89
3.669957615288952,238,89
3.675033628588107,238,89
3.680109641887262,238,89
3.685185655186417,238,89
3.6902616684855714,238,89
3.6953376817847263,238,89
3.7004136950838813,238,89
3.7054897083830363,238,89
3.710565721682191,238,89
3.7156417349813458,238,89
3.7207177482805007,238,89
3.7257937615796552,238,89
3.73086977487881,238,89
3.735945788177965,238,89
3.74102180147712,238,89
3.7460978147762747,238,89
3.7511738280754297,238,89
3.7562498413745846,238,89
3.761325854673739,238,89
3.766401867972894,238,89
3.771477881272049,238,89
3.776553894571204,238,89
3.7816299078703586,238,89
3.7867059211695135,238,89
3.7917819344686685,238,89
3.796857947767823,238,89
3.801933961066978,238,89
3.807009974366133,238,89
3.812085987665288,238,89
3.8171620009644425,238,89
3.8222380142635974,238,89
3.8273140275627524,238,89
3.832390040861907,238,89
3.837466054161062,238,89
3.842542067460217,238,89
3.847618080759372,238,88
3.8526940940585264,238,89
3.8577701073576813,238,89
3.8628461206568363,238,89
3.8679221339559913,238,89
3.872998147255146,238,89
3.8780741605543008,238,89
3.8831501738534557,238,89
3.8882261871526103,238,89
3.8933022004517652,238,89
3.89837821375092,238,89
3.903454227050075,238,89
3.9085302403492297,238,89
3.9136062536483847,238,89
3.9186822669475396,238,89
3.923758280246694,238,89
3.928834293545849,238,89
3.933910306845004,238,89
3.938986320144159,238,89
3.9440623334433136,238,89
3.9491383467424686,238,89
3.9542143600416235,238,89
3.959290373340778,238,89
3.964366386639933,238,89
3.969442399939088,238,89
3.974518413238243,238,89
3.9795944265373975,238,89
3.9846704398365524,238,89
3.9897464531357074,238,89
3.994822466434862,238,89
3.999898479734017,238,89
4.004974493033171,238,89
4.010050506332327,238,89
4.015126519631481,238,89
4.020202532930637,238,89
4.025278546229791,238,89
4.030354559528946,238,89
4.035430572828101,238,89
4.040506586127256,238,89
4.04558259942641,238,89
4.050658612725566,238,89
4.05573462602472,238,89
4.060810639323875,238,89
4.06588665262303,238,89
4.070962665922185,238,89
4.076038679221339,238,89
4.081114692520495,238,89
4.086190705819649,238,89
4.091266719118805,238,89
4.096342732417959,238,89
4.101418745717114,238,89
4.106494759016269,238,89
4.111570772315424,238,89
4.116646785614578,238,89
4.1217227989137335,238,89
4.126798812212888,238,89
4.1318748255120425,238,89
4.136950838811198,238,89
4.1420268521103525,238,89
4.147102865409508,238,89
4.152178878708662,238,89
4.157254892007817,238,89
4.162330905306972,238,89
4.167406918606127,238,89
4.172482931905281,238,89
4.177558945204437,238,89
4.182634958503591,238,89
4.187710971802746,238,89
4.192786985101901,238,89
4.197862998401056,238,89
4.20293901170021,238,89
4.208015024999366,238,89
4.21309103829852,238,89
4.218167051597676,238,89
4.22324306489683,238,89
4.228319078195985,238,89
4.23339509149514,238,89
4.238471104794295,238,89
4.243547118093449,238,89
4.248623131392605,238,89
4.253699144691759,238,89
4.258775157990914,238,89
4.263851171290069,238,89
4.268927184589224,238,89
4.274003197888378,238,89
4.2790792111875335,238,89
4.284155224486688,238,89
4.2892312377858435,238,89
4.294307251084998,238,89
4.2993832643841525,238,89
4.304459277683308,238,89
4.3095352909824625,238,89
4.314611304281617,238,89
4.319687317580772,238,89
4.324763330879927,238,89
4.3298393441790815,238,89
4.334915357478237,238,88
4.339991370777391,238,89
4.345067384076547,238,89
4.350143397375701,238,89
4.355219410674856,238,89
4.360295423974011,238,89
4.365371437273166,238,89
4.37044745057232,238,89
4.375523463871476,238,89
4.38059947717063,238,89
4.385675490469785,238,89
4.39075150376894,238,89
4.395827517068095,238,89
4.400903530367249,238,89
4.405979543666405,238,89
4.411055556965559,238,89
4.416131570264715,238,89
4.421207583563869,238,89
4.426283596863024,238,89
4.431359610162179,238,89
4.436435623461334,238,89
4.441511636760488,238,89
4.4465876500596435,238,89
4.451663663358798,238,89
4.456739676657953,238,89
4.461815689957108,238,89
4.4668917032562625,238,89
4.471967716555418,238,89
4.477043729854572,238,89
4.482119743153727,238,89
4.487195756452882,238,89
4.492271769752037,238,89
4.497347783051191,238,89
4.502423796350347,238,89
4.507499809649501,238,89
4.512575822948656,238,89
4.517651836247811,238,89
4.522727849546966,238,89
4.52780386284612,238,89
4.532879876145276,238,89
4.53795588944443,238,89
4.543031902743586,238,89
4.54810791604274,238,89
4.553183929341895,238,89
4.55825994264105,238,89
4.563335955940205,238,89
4.568411969239359,238,89
4.573487982538515,238,89
4.578563995837669,238,89
4.583640009136824,238,89
4.588716022435979,238,89
4.593792035735134,238,89
4.598868049034288,238,89
4.6039440623334436,238,89
4.609020075632598,238,89
4.6140960889317535,238,89
4.619172102230908,238,89
4.6242481155300625,238,89
4.629324128829218,238,89
4.6344001421283725,238,89
4.639476155427527,238,89
4.644552168726682,238,89
4.649628182025837,238,89
4.6547041953249915,238,89
4.659780208624147,238,89
4.664856221923301,238,89
4.669932235222457,238,89
4.675008248521611,238,89
4.680084261820766,238,89
4.685160275119921,238,89
4.690236288419076,238,89
4.69531230171823,238,89
4.700388315017386,238,89
4.70546432831654,238,89
4.710540341615695,238,89
4.71561635491485,238,89
4.720692368214005,238,89
4.725768381513159,238,89
4.730844394812315,238,89
4.735920408111469,238,89
4.740996421410625,238,89
4.746072434709779,238,89
4.751148448008934,238,89
4.756224461308089,238,89
4.761300474607244,238,89
4.766376487906398,238,89
4.7714525012055535,238,89
4.776528514504708,238,89
4.781604527803863,238,89
4.786680541103018,238,89
4.7917565544021725,238,89
4.796832567701328,238,89
4.8019085810004825,238,89
4.806984594299637,238,89
4.812060607598792,238,89
4.817136620897947,238,89
4.822212634197101,238,89
4.827288647496257,238,89
4.832364660795411,238,89
4.837440674094566,238,89
4.842516687393721,238,89
4.847592700692876,238,89
4.85266871399203,238,89
4.857744727291186,238,89
4.86282074059034,238,89
4.867896753889496,238,89
4.87297276718865,238,89
4.878048780487805,238,89
4.88312479378696,238,89
4.888200807086115,238,89
4.893276820385269,238,89
4.898352833684425,238,89
4.903428846983579,238,89
4.908504860282734,238,89
4.913580873581889,238,89
4.918656886881044,238,89
4.923732900180198,238,89
4.928808913479354,238,89
4.933884926778508,238,89
4.9389609400776635,238,89
4.944036953376818,238,89
4.949112966675973,238,89
4.954188979975128,238,89
4.9592649932742825,238,89
4.964341006573437,238,89
4.969417019872592,238,89
4.974493033171747,238,89
4.9795690464709015,238,89
4.984645059770057,238,89
4.989721073069211,238,89
4.994797086368367,238,89
4.999873099667521,238,89
5.004949112966676,238,89
5.010025126265831,238,89
5.015101139564986,238,89
5.02017715286414,238,89
5.025253166163296,238,89
5.03032917946245,238,89
5.035405192761605,238,89
5.04048120606076,238,89
5.045557219359915,238,89
5.050633232659069,238,89
5.055709245958225,238,89
5.060785259257379,238,89
5.065861272556535,238,89
5.070937285855689,238,89
5.076013299154844,238,89
5.081089312453999,238,89
5.086165325753154,238,89
5.091241339052308,238,89
5.0963173523514635,238,89
5.101393365650618,238,89
5.106469378949773,238,89
5.111545392248928,238,89
5.1166214055480825,238,89
5.121697418847237,238,89
5.1267734321463925,238,89
5.131849445445547,238,89
5.136925458744702,238,89
5.142001472043857,238,89
5.1470774853430115,238,89
5.152153498642167,238,89
5.157229511941321,238,89
5.162305525240476,238,89
5.167381538539631,238,89
5.172457551838786,238,89
5.17753356513794,238,89
5.182609578437096,238,89
5.18768559173625,238,89
5.192761605035406,238,89
5.19783761833456,238,89
5.202913631633715,238,89
5.20798964493287,238,89
5.213065658232025,238,89
5.218141671531179,238,89
5.223217684830335,238,89
5.228293698129489,238,89
5.233369711428644,238,89
5.238445724727799,238,89
5.243521738026954,238,89
5.248597751326108,238,89
5.253673764625264,238,89
5.258749777924418,238,89
5.2638257912235735,238,89
5.268901804522728,238,89
5.273977817821883,238,89
5.279053831121038,238,89
5.2841298444201925,238,89
5.289205857719347,238,89
5.2942818710185024,238,89
5.299357884317657,238,89
5.3044338976168115,238,89
5.309509910915967,238,89
5.314585924215121,238,89
5.319661937514277,238,89
5.324737950813431,238,89
5.329813964112586,238,89
5.334889977411741,238,89
5.339965990710896,238,89
5.34504200401005,238,89
5.350118017309206,238,89
5.35519403060836,238,89
5.360270043907515,238,89
5.36534605720667,238,89
5.370422070505825,238,89
5.375498083804979,238,89
5.380574097104135,238,89
5.385650110403289,238,89
5.390726123702445,238,89
5.395802137001599,238,89
5.400878150300754,238,89
5.405954163599909,238,89
5.411030176899064,238,89
5.416106190198218,238,89
5.421182203497374,238,89
5.426258216796528,238,89
5.431334230095683,238,89
5.436410243394838,238,89
5.4414862566939926,238,89
5.446562269993147,238,89
5.4516382832923025,238,89
5.456714296591457,238,89
5.461790309890612,238,89
5.466866323189767,238,89
5.4719423364889215,238,89
5.477018349788077,238,89
5.482094363087231,238,89
5.487170376386386,238,89
5.492246389685541,238,89
5.497322402984696,238,89
5.50239841628385,238,89
5.507474429583006,238,89
5.51255044288216,238,89
5.517626456181316,238,89
5.52270246948047,238,89
5.527778482779625,238,89
5.53285449607878,238,89
5.537930509377935,238,89
5.543006522677089,238,89
5.548082535976245,238,89
5.553158549275399,238,89
5.558234562574554,238,89
5.563310575873709,238,89
5.568386589172864,238,89
5.573462602472018,238,89
5.578538615771174,238,89
5.583614629070328,238,89
5.5886906423694835,238,89
5.593766655668638,238,89
5.598842668967793,238,89
5.603918682266948,238,89
5.6089946955661025,238,89
5.614070708865257,238,89
5.6191467221644125,238,89
5.624222735463567,238,89
5.6292987487627215,238,89
5.634374762061877,238,89
5.6394507753610315,238,89
5.644526788660186,238,89
5.649602801959341,238,89
5.654678815258496,238,89
5.659754828557651,238,89
5.664830841856806,238,89
5.66990685515596,238,89
5.674982868455116,238,89
5.68005888175427,238,89
5.685134895053425,238,89
5.69021090835258,238,89
5.695286921651735,238,89
5.700362934950889,238,89
5.705438948250045,238,89
5.710514961549199,238,89
5.715590974848355,238,89
5.720666988147509,238,89
5.725743001446664,238,89
5.730819014745819,238,89
5.735895028044974,238,89
5.740971041344128,238,89
5.746047054643284,238,89
5.751123067942438,238,89
5.756199081241593,238,89
5.761275094540748,238,89
5.766351107839903,238,89
5.771427121139057,238,89
5.7765031344382125,238,89
5.781579147737367,238,89
5.786655161036522,238,89
5.791731174335677,238,89
5.7968071876348315,238,89
5.801883200933987,238,89
5.806959214233141,238,89
5.812035227532296,238,89
5.817111240831451,238,89
5.822187254130606,238,89
5.82726326742976,238,89
5.832339280728916,238,89
5.83741529402807,238,88
5.842491307327226,238,89
5.84756732062638,238,89
5.852643333925535,238,89
5.85771934722469,238,89
5.862795360523845,238,89
5.867871373822999,238,89
5.872947387122155,238,89
5.878023400421309,238,89
5.883099413720464,238,89
5.888175427019619,238,89
5.893251440318774,238,89
5.898327453617928,238,89
5.903403466917084,238,89
5.908479480216238,238,89
5.913555493515394,238,89
5.918631506814548,238,89
5.923707520113703,238,89
5.928783533412858,238,89
5.9338595467120125,238,89
5.938935560011167,238,89
5.9440115733103225,238,89
5.949087586609477,238,89
5.9541635999086315,238,89
5.959239613207787,238,89
5.9643156265069415,238,89
5.969391639806096,238,89
5.974467653105251,238,89
5.979543666404406,238,89
5.984619679703561,238,89
5.989695693002716,238,89
5.99477170630187,238,89
5.999847719601026,238,89
6.00492373290018,238,89
6.009999746199335,238,89
6.01507575949849,238,89
6.020151772797645,238,89
6.025227786096799,238,89
6.030303799395955,238,89
6.035379812695109,238,89
6.040455825994265,238,89
6.045531839293419,238,89
6.050607852592574,238,89
6.055683865891729,238,89
6.060759879190884,238,89
6.065835892490038,238,89
6.070911905789194,238,89
6.075987919088348,238,89
6.081063932387503,238,89
6.086139945686658,238,89
6.091215958985813,238,89
6.096291972284967,238,89
6.1013679855841225,238,89
6.106443998883277,238,89
6.1115200121824325,238,89
6.116596025481587,238,89
6.1216720387807415,238,89
6.126748052079897,238,89
6.1318240653790514,238,89
6.136900078678206,238,89
6.141976091977361,238,89
6.147052105276516,238,89
6.15212811857567,238,89
6.157204131874826,238,89
6.16228014517398,238,89
6.167356158473136,238,89
6.17243217177229,238,89
6.177508185071445,238,89
6.1825841983706,238,89
6.187660211669755,238,89
6.192736224968909,238,89
6.197812238268065,238,89
6.202888251567219,238,89
6.207964264866374,238,89
6.213040278165529,238,89
6.218116291464684,238,89
6.223192304763838,238,89
6.228268318062994,238,89
6.233344331362148,238,89
6.238420344661304,238,89
6.243496357960458,238,89
6.248572371259613,238,89
6.253648384558768,238,89
6.258724397857923,238,89
6.263800411157077,238,89
6.2688764244562325,238,89
6.273952437755387,238,89
6.2790284510545415,238,89
6.284104464353697,238,89
6.2891804776528515,238,89
6.294256490952006,238,89
6.299332504251161,238,89
6.304408517550316,238,89
6.309484530849471,238,89
6.314560544148626,238,89
6.31963655744778,238,89
6.324712570746936,238,89
6.32978858404609,238,89
6.334864597345245,238,89
6.3399406106444,238,89
6.345016623943555,238,89
6.350092637242709,238,89
6.355168650541865,238,89
6.360244663841019,238,89
6.365320677140175,238,89
6.370396690439329,238,89
6.375472703738484,238,89
6.380548717037639,238,89
6.385624730336794,238,89
6.390700743635948,238,89
6.395776756935104,238,89
6.400852770234258,238,89
6.405928783533413,238,89
6.411004796832568,238,89
6.416080810131723,238,89
6.421156823430877,238,89
6.4262328367300325,238,89
6.431308850029187,238,89
6.4363848633283425,238,88
6.441460876627497,238,89
6.4465368899266515,238,89
6.451612903225807,238,89
6.4566889165249615,238,89
6.461764929824116,238,89
6.466840943123271,238,89
6.471916956422426,238,89
6.4769929697215805,238,89
6.482068983020736,238,89
6.48714499631989,238,89
6.492221009619045,238,89
6.4972970229182,238,89
6.502373036217355,238,89
6.50744904951651,238,89
6.512525062815665,238,89
6.517601076114819,238,89
6.522677089413975,238,89
6.527753102713129,238,89
6.532829116012284,238,89
6.537905129311439,238,89
6.542981142610594,238,89
6.548057155909748,238,89
6.553133169208904,238,89
6.558209182508058,238,89
6.563285195807214,238,89
6.568361209106368,238,89
6.573437222405523,238,89
6.578513235704678,238,89
6.583589249003833,238,89
6.588665262302987,238,89
6.5937412756021425,238,89
6.598817288901297,238,89
6.603893302200452,238,89
6.608969315499607,238,89
6.6140453287987615,238,89
6.619121342097916,238,89
6.624197355397071,238,89
6.629273368696226,238,89
6.634349381995381,238,89
6.639425395294536,238,89
6.64450140859369,238,89
6.649577421892846,238,89
6.654653435192,238,89
6.659729448491155,238,89
6.66480546179031,238,89
6.669881475089465,238,89
6.674957488388619,238,89
6.680033501687775,238,89
6.685109514986929,238,89
6.690185528286085,238,89
6.695261541585239,238,89
6.700337554884394,238,89
6.705413568183549,238,89
6.710489581482704,238,89
6.715565594781858,238,89
6.720641608081014,238,89
6.725717621380168,238,89
6.730793634679323,238,89
6.735869647978478,238,89
6.740945661277633,238,89
6.746021674576787,238,89
6.7510976878759426,238,89
6.756173701175097,238,89
6.7612497144742525,238,89
6.766325727773407,238,89
6.7714017410725615,238,89
6.776477754371717,238,89
6.7815537676708715,238,89
6.786629780970026,238,89
6.791705794269181,238,89
6.796781807568336,238,89
6.8018578208674905,238,89
6.806933834166646,238,89
6.8120098474658,238,89
6.817085860764955,238,89
6.82216187406411,238,89
6.827237887363265,238,89
6.83231390066242,238,89
6.837389913961575,238,89
6.842465927260729,238,89
6.847541940559885,238,89
6.852617953859039,238,89
6.857693967158194,238,89
6.862769980457349,238,89
6.867845993756504,238,89
6.872922007055658,238,89
6.877998020354814,238,89
6.883074033653968,238,89
6.888150046953124,238,89
6.893226060252278,238,88
6.898302073551433,238,89
6.903378086850588,238,89
6.908454100149743,238,89
6.913530113448897,238,89
6.9186061267480525,238,89
6.923682140047207,238,89
6.928758153346362,238,89
6.933834166645517,238,89
6.9389101799446715,238,89
6.943986193243826,238,89
6.9490622065429815,238,89
6.954138219842136,238,89
6.959214233141291,238,89
6.964290246440446,238,89
6.9693662597396004,238,89
6.974442273038756,238,89
6.97951828633791,238,89
6.984594299637065,238,89
6.98967031293622,238,89
6.994746326235375,238,89
6.999822339534529,238,89
7.004898352833685,238,89
7.009974366132839,238,89
7.015050379431994,238,89
7.020126392731149,238,89
7.025202406030304,238,89
7.030278419329459,238,89
7.035354432628614,238,89
7.040430445927768,238,89
7.045506459226924,238,89
7.050582472526078,238,89
7.055658485825233,238,89
7.060734499124388,238,89
7.065810512423543,238,88
7.070886525722697,238,89
7.075962539021853,238,89
7.081038552321007,238,89
7.0861145656201625,238,89
7.091190578919317,238,89
7.096266592218472,238,89
7.101342605517627,238,89
7.1064186188167815,238,89
7.111494632115936,238,89
7.116570645415091,238,89
7.121646658714246,238,89
7.1267226720134005,238,89
7.131798685312556,238,89
7.13687469861171,238,89
7.141950711910865,238,89
7.14702672521002,238,89
7.152102738509175,238,89
7.15717875180833,238,89
7.162254765107485,238,89
7.167330778406639,238,89
7.172406791705795,238,89
7.177482805004949,238,89
7.182558818304104,238,89
7.187634831603259,238,89
7.192710844902414,238,89
7.197786858201568,238,89
7.202862871500724,238,89
7.207938884799878,238,89
7.213014898099034,238,89
7.218090911398188,238,89
7.223166924697343,238,89
7.228242937996498,238,89
7.233318951295653,238,89
7.238394964594807,238,89
7.2434709778939625,238,89
7.248546991193117,238,89
7.253623004492272,238,89
7.258699017791427,238,89
7.2637750310905815,238,89
7.268851044389736,238,89
7.2739270576888915,238,89
7.279003070988046,238,89
7.284079084287201,238,89
7.289155097586356,238,89
7.2942311108855105,238,89
7.299307124184666,238,89
7.30438313748382,238,89
7.309459150782975,238,89
7.31453516408213,238,89
7.319611177381285,238,89
7.324687190680439,238,89
7.329763203979595,238,89
7.334839217278749,238,89
7.339915230577904,238,89
7.344991243877059,238,88
7.350067257176214,238,89
7.355143270475369,238,89
7.360219283774524,238,89
7.365295297073678,238,89
7.370371310372834,238,89
7.375447323671988,238,89
7.380523336971143,238,89
7.385599350270298,238,89
7.390675363569453,238,89
7.395751376868607,238,89
7.400827390167763,238,89
7.405903403466917,238,88
7.4109794167660725,238,89
7.416055430065227,238,89
7.421131443364382,238,89
7.426207456663537,238,89
7.4312834699626915,238,89
7.436359483261846,238,89
7.4414354965610015,238,89
7.446511509860156,238,89
7.4515875231593105,238,89
7.456663536458466,238,89
7.46173954975762,238,89
7.466815563056775,238,89
7.47189157635593,238,89
7.476967589655085,238,89
7.48204360295424,238,89
7.487119616253395,238,89
7.492195629552549,238,89
7.497271642851705,238,89
7.502347656150859,238,89
7.507423669450014,238,89
7.512499682749169,238,89
7.517575696048324,238,89
7.522651709347478,238,89
7.527727722646634,238,89
7.532803735945788,238,89
7.537879749244944,238,89
7.542955762544098,238,89
7.548031775843253,238,89
7.553107789142408,238,89
7.558183802441563,238,89
7.563259815740717,238,89
7.568335829039873,238,89
7.573411842339027,238,88
7.578487855638182,238,89
7.583563868937337,238,89
7.5886398822364916,238,89
7.593715895535646,238,89
7.5987919088348015,238,89
7.603867922133956,238,89
7.608943935433111,238,89
7.614019948732266,238,89
7.6190959620314205,238,89
7.624171975330576,238,89
7.62924798862973,238,89
7.634324001928885,238,89
7.63940001522804,238,89
7.644476028527195,238,89
7.649552041826349,238,89
7.654628055125505,238,89
7.659704068424659,238,89
7.664780081723814,238,89
7.669856095022969,238,89
7.674932108322124,238,89
7.680008121621279,238,89
7.685084134920434,238,89
7.690160148219588,238,89
7.695236161518744,238,89
7.700312174817898,238,89
7.705388188117053,238,89
7.710464201416208,238,89
7.715540214715363,238,89
7.720616228014517,238,89
7.725692241313673,238,89
7.730768254612827,238,89
7.7358442679119825,238,89
7.740920281211137,238,89
7.745996294510292,238,89
7.751072307809447,238,89
7.7561483211086015,238,89
7.761224334407756,238,89
7.7663003477069115,238,89
7.771376361006066,238,89
7.7764523743052205,238,89
7.781528387604376,238,89
7.7866044009035305,238,89
7.791680414202685,238,89
7.79675642750184,238,89
7.801832440800995,238,89
7.80690845410015,238,89
7.811984467399305,238,89
7.817060480698459,238,89
7.822136493997615,238,89
7.827212507296769,238,89
7.832288520595924,238,89
7.837364533895079,238,89
7.842440547194234,238,89
7.847516560493388,238,89
7.852592573792544,238,89
7.857668587091698,238,89
7.862744600390853,238,88
7.867820613690008,238,89
7.872896626989163,238,89
7.877972640288318,238,89
7.883048653587473,238,89
7.888124666886627,238,89
7.893200680185783,238,89
7.898276693484937,238,89
7.903352706784092,238,89
7.908428720083247,238,89
7.913504733382402,238,89
7.918580746681556,238,89
7.9236567599807115,238,89
7.928732773279866,238,89
7.933808786579021,238,88
7.938884799878176,238,89
7.9439608131773305,238,89
7.949036826476486,238,89
7.95411283977564,238,89
7.959188853074795,238,89
7.96426486637395,238,89
7.969340879673105,238,89
7.974416892972259,238,89
7.979492906271415,238,89
7.984568919570569,238,89
7.989644932869724,238,89
7.994720946168879,238,89
7.999796959468034,238,89
8.004872972767188,238,89
8.009948986066343,238,89
8.0150249993655,238,89
8.020101012664654,238,89
8.025177025963808,238,89
8.030253039262963,238,89
8.035329052562117,238,89
8.040405065861274,238,89
8.045481079160428,238,89
8.050557092459583,238,89
8.055633105758737,238,89
8.060709119057892,238,89
8.065785132357046,238,89
8.070861145656202,238,89
8.075937158955357,238,89
8.081013172254512,238,89
8.086089185553666,238,89
8.09116519885282,238,89
8.096241212151977,238,88
8.101317225451131,238,89
8.106393238750286,238,89
8.11146925204944,238,89
8.116545265348595,238,89
8.12162127864775,238,89
8.126697291946906,238,89
8.13177330524606,238,89
8.136849318545215,238,89
8.14192533184437,238,89
8.147001345143524,238,89
8.152077358442678,238,89
8.157153371741835,238,89
8.16222938504099,238,89
8.167305398340144,238,89
8.172381411639298,238,89
8.177457424938453,238,89
8.18253343823761,238,89
8.187609451536764,238,89
8.192685464835918,238,89
8.197761478135073,238,89
8.202837491434227,238,89
8.207913504733382,238,89
8.212989518032538,238,89
8.218065531331693,238,89
8.223141544630847,238,89
8.228217557930002,238,89
8.233293571229156,238,89
8.238369584528312,238,89
8.243445597827467,238,89
8.248521611126622,238,89
8.253597624425776,238,89
8.25867363772493,238,89
8.263749651024085,238,89
8.268825664323241,238,89
8.273901677622396,238,89
8.27897769092155,238,89
8.284053704220705,238,89
8.28912971751986,238,89
8.294205730819016,238,89
8.29928174411817,238,89
8.304357757417325,238,89
8.30943377071648,238,89
8.314509784015634,238,89
8.319585797314788,238,89
8.324661810613945,238,89
8.3297378239131,238,89
8.334813837212254,238,89
8.339889850511408,238,89
8.344965863810563,238,89
8.350041877109717,238,89
8.355117890408874,238,89
8.360193903708028,238,89
8.365269917007183,238,89
8.370345930306337,238,89
8.375421943605492,238,89
8.380497956904648,238,89
8.385573970203803,238,89
8.390649983502957,238,89
8.395725996802112,238,89
8.400802010101266,238,89
8.40587802340042,238,89
8.410954036699577,238,89
8.416030049998731,238,88
8.421106063297886,238,89
8.42618207659704,238,89
8.431258089896195,238,89
8.436334103195351,238,89
8.441410116494506,238,89
8.44648612979366,238,89
8.451562143092815,238,89
8.45663815639197,238,88
8.461714169691124,238,89
8.46679018299028,238,89
8.471866196289435,238,89
8.47694220958859,238,89
8.482018222887744,238,89
8.487094236186898,238,89
8.492170249486055,238,89
8.49724626278521,238,89
8.502322276084364,238,89
8.507398289383518,238,89
8.512474302682673,238,89
8.517550315981827,238,89
8.522626329280984,238,88
8.527702342580138,238,89
8.532778355879293,238,89
8.537854369178447,238,89
8.542930382477602,238,89
8.548006395776756,238,89
8.553082409075913,238,89
8.558158422375067,238,89
8.563234435674222,238,89
8.568310448973376,238,89
8.57338646227253,238,89
8.578462475571687,238,89
8.583538488870841,238,89
8.588614502169996,238,89
8.59369051546915,238,89
8.598766528768305,238,89
8.60384254206746,238,89
8.608918555366616,238,89
8.61399456866577,238,89
8.619070581964925,238,89
8.62414659526408,238,89
8.629222608563234,238,89
8.63429862186239,238,89
8.639374635161545,238,89
8.6444506484607,238,89
8.649526661759854,238,89
8.654602675059008,238,89
8.659678688358163,238,89
8.66475470165732,238,89
8.669830714956474,238,89
8.674906728255628,238,89
8.679982741554783,238,89
8.685058754853937,238,89
8.690134768153094,238,89
8.695210781452248,238,88
8.700286794751403,238,89
8.705362808050557,238,89
8.710438821349712,238,89
8.715514834648866,238,89
8.720590847948023,238,89
8.725666861247177,238,89
8.730742874546332,238,89
8.735818887845486,238,89
8.74089490114464,238,89
8.745970914443797,238,89
8.751046927742951,238,89
8.756122941042106,238,88
8.76119895434126,238,89
8.766274967640415,238,89
8.77135098093957,238,89
8.776426994238726,238,89
8.78150300753788,238,89
8.786579020837035,238,89
8.79165503413619,238,89
8.796731047435344,238,89
8.801807060734498,238,89
8.806883074033655,238,89
8.81195908733281,238,89
8.817035100631964,238,89
8.822111113931118,238,89
8.827187127230273,238,89
8.83226314052943,238,89
8.837339153828584,238,89
8.842415167127738,238,89
8.847491180426893,238,89
8.852567193726047,238,89
8.857643207025202,238,89
8.862719220324358,238,89
8.867795233623513,238,89
8.872871246922667,238,89
8.877947260221822,238,89
8.883023273520976,238,89
8.888099286820133,238,89
8.893175300119287,238,89
8.898251313418442,238,89
8.903327326717596,238,89
8.90840334001675,238,89
8.913479353315905,238,89
8.918555366615061,238,89
8.923631379914216,238,89
8.92870739321337,238,89
8.933783406512525,238,88
8.93885941981168,238,88
8.943935433110836,238,89
8.94901144640999,238,89
8.954087459709145,238,89
8.9591634730083,238,89
8.964239486307454,238,89
8.969315499606608,238,89
8.974391512905765,238,89
8.97946752620492,238,88
8.984543539504074,238,89
8.989619552803228,238,89
8.994695566102383,238,89
8.999771579401537,238,88
9.004847592700694,238,89
9.009923605999848,238,89
9.014999619299003,238,88
9.020075632598157,238,89
9.025151645897312,238,89
9.030227659196468,238,88
9.035303672495623,238,89
9.040379685794777,238,88
9.045455699093932,238,89
9.050531712393086,238,89
9.05560772569224,238,89
9.060683738991397,238,89
9.065759752290552,238,89
9.070835765589706,238,89
9.07591177888886,238,89
9.080987792188015,238,89
9.086063805487171,238,89
9.091139818786326,238,89
9.09621583208548,238,89
9.101291845384635,238,89
9.10636785868379,238,89
9.111443871982944,238,89
9.1165198852821,238,89
9.121595898581255,238,88
9.12667191188041,238,89
9.131747925179564,238,89
9.136823938478718,238,89
9.141899951777875,238,89
9.14697596507703,238,89
9.152051978376184,238,89
9.157127991675338,238,89
9.162204004974493,238,89
9.167280018273647,238,89
9.172356031572804,238,88
9.177432044871958,238,89
9.182508058171113,238,89
9.187584071470267,238,89
9.192660084769422,238,89
9.197736098068576,238,89
9.202812111367733,238,88
9.207888124666887,238,88
9.212964137966042,238,89
9.218040151265196,238,89
9.22311616456435,238,89
9.228192177863507,238,89
9.233268191162662,238,89
9.238344204461816,238,89
9.24342021776097,238,89
9.248496231060125,238,89
9.25357224435928,238,89
9.258648257658436,238,89
9.26372427095759,238,89
9.268800284256745,238,89
9.2738762975559,238,89
9.278952310855054,238,89
9.28402832415421,238,89
9.289104337453365,238,89
9.29418035075252,238,89
9.299256364051674,238,89
9.304332377350828,238,89
9.309408390649983,238,89
9.31448440394914,238,89
9.319560417248294,238,89
9.324636430547448,238,89
9.329712443846603,238,89
9.334788457145757,238,89
9.339864470444914,238,89
9.344940483744068,238,89
9.350016497043223,238,88
9.355092510342377,238,89
9.360168523641532,238,89
9.365244536940686,238,89
9.370320550239843,238,89
9.375396563538997,238,89
9.380472576838152,238,89
9.385548590137306,238,89
9.39062460343646,238,89
9.395700616735615,238,88
9.400776630034771,238,89
9.405852643333926,238,89
9.41092865663308,238,89
9.416004669932235,238,89
9.42108068323139,238,88
9.426156696530546,238,89
9.4312327098297,238,89
9.436308723128855,238,89
9.44138473642801,238,89
9.446460749727164,238,89
9.451536763026319,238,89
9.456612776325475,238,89
9.46168878962463,238,89
9.466764802923784,238,88
9.471840816222938,238,88
9.476916829522093,238,89
9.48199284282125,238,89
9.487068856120404,238,89
9.492144869419558,238,89
9.497220882718713,238,89
9.502296896017867,238,88
9.507372909317022,238,89
9.512448922616178,238,89
9.517524935915333,238,89
9.522600949214487,238,89
9.527676962513642,238,89
9.532752975812796,238,89
9.537828989111953,238,89
9.542905002411107,238,89
9.547981015710262,238,89
9.553057029009416,238,89
9.55813304230857,238,89
9.563209055607725,238,89
9.568285068906881,238,89
9.573361082206036,238,89
9.57843709550519,238,89
9.583513108804345,238,89
9.5885891221035,238,89
9.593665135402656,238,89
9.59874114870181,238,88
9.603817162000965,238,89
9.60889317530012,238,88
9.613969188599274,238,89
9.619045201898428,238,88
9.624121215197585,238,89
9.62919722849674,238,89
9.634273241795894,238,89
9.639349255095048,238,89
9.644425268394203,238,88
9.649501281693357,238,89
9.654577294992514,238,88
9.659653308291668,238,89
9.664729321590823,238,88
9.669805334889977,238,89
9.674881348189132,238,88
9.679957361488288,238,89
9.685033374787443,238,89
9.690109388086597,238,89
9.695185401385752,238,89
9.700261414684906,238,89
9.70533742798406,238,89
9.710413441283217,238,89
9.715489454582372,238,89
9.720565467881526,238,88
9.72564148118068,238,89
9.730717494479835,238,89
9.735793507778991,238,89
9.740869521078146,238,89
9.7459455343773,238,89
9.751021547676455,238,89
9.75609756097561,238,89
9.761173574274764,238,88
9.76624958757392,238,89
9.771325600873075,238,89
9.77640161417223,238,89
9.781477627471384,238,89
9.786553640770538,238,88
9.791629654069695,238,89
9.79670566736885,238,89
9.801781680668004,238,89
9.806857693967158,238,89
9.811933707266313,238,89
9.817009720565467,238,89
9.822085733864624,238,89
9.827161747163778,238,89
9.832237760462933,238,89
9.837313773762087,238,89
9.842389787061242,238,89
9.847465800360396,238,89
9.852541813659553,238,88
9.857617826958707,238,89
9.862693840257862,238,89
9.867769853557016,238,89
9.87284586685617,238,88
9.877921880155327,238,89
9.882997893454482,238,89
9.888073906753636,238,89
9.89314992005279,238,89
9.898225933351945,238,89
9.9033019466511,238,89
9.908377959950256,238,89
9.91345397324941,238,89
9.918529986548565,238,89
9.92360599984772,238,89
9.928682013146874,238,89
9.93375802644603,238,89
9.938834039745185,238,89
9.94391005304434,238,89
9.948986066343494,238,88
9.954062079642648,238,88
9.959138092941803,238,88
9.96421410624096,238,88
9.969290119540114,238,89
9.974366132839268,238,88
9.979442146138423,238,89
